{
  "hand": "leap",
  "object": "A2",
  "grasp_index": 0,
  "frame_note": "reoriented tabletop world frame (object on table z=0, arm base on table); single rigid transform of the raw free-space grasp, grasp geometry preserved. (iv) lift is a kinematic raise of the closed grasp.",
  "weld_tool0_to_handbase": {
    "translation": [
      0.00899999999999997,
      0.037999999998038624,
      0.011500620025899888
    ],
    "quaternion_wxyz": [
      0.49999841829877395,
      0.5000015816962224,
      -0.5000015816962223,
      0.4999984182987741
    ]
  },
  "arm_base_pos": [
    0.3196734268903884,
    -0.2724131056688636,
    0.0
  ],
  "arm_joint_names": [
    "zarm_shoulder_pan_joint_q",
    "zarm_shoulder_lift_joint_q",
    "zarm_elbow_joint_q",
    "zarm_wrist_1_joint_q",
    "zarm_wrist_2_joint_q",
    "zarm_wrist_3_joint_q"
  ],
  "hand_position_names": [
    "leap_hand_leap_hand_base_qw",
    "leap_hand_leap_hand_base_qx",
    "leap_hand_leap_hand_base_qy",
    "leap_hand_leap_hand_base_qz",
    "leap_hand_leap_hand_base_x",
    "leap_hand_leap_hand_base_y",
    "leap_hand_leap_hand_base_z",
    "leap_hand_index_1_q",
    "leap_hand_index_0_q",
    "leap_hand_index_2_q",
    "leap_hand_index_3_q",
    "leap_hand_middle_1_q",
    "leap_hand_middle_0_q",
    "leap_hand_middle_2_q",
    "leap_hand_middle_3_q",
    "leap_hand_ring_1_q",
    "leap_hand_ring_0_q",
    "leap_hand_ring_2_q",
    "leap_hand_ring_3_q",
    "leap_hand_thumb_0_q",
    "leap_hand_thumb_1_q",
    "leap_hand_thumb_2_q",
    "leap_hand_thumb_3_q",
    "obj_obj_qw",
    "obj_obj_qx",
    "obj_obj_qy",
    "obj_obj_qz",
    "obj_obj_x",
    "obj_obj_y",
    "obj_obj_z"
  ],
  "phases": {
    "i_scene": {
      "arm_joints_rad": [
        -0.4993102045782101,
        -1.3219723581715792,
        1.5443980183996477,
        -1.6023960182839772,
        -2.6609264740174665,
        -0.20566425290079793
      ],
      "hand_q": [
        -0.37383152015641596,
        0.7944268844528408,
        0.25601468887148715,
        -0.4044655719318166,
        1.3825282518432653e-17,
        -0.10049667278639667,
        0.3146538364781848,
        0.34615394473075867,
        -0.9949063658714294,
        1.3630954027175903,
        -0.03678126633167267,
        0.7900094985961914,
        0.21190859377384186,
        1.0139673948287964,
        1.649038314819336,
        1.5905234813690186,
        -1.0698812007904053,
        0.9238926768302917,
        -0.27809566259384155,
        0.9947954416275024,
        1.1718089580535889,
        -0.16555263102054596,
        0.8865375518798828
      ],
      "wrist_pose": {
        "quaternion_wxyz": [
          -0.37383152015641596,
          0.7944268844528408,
          0.25601468887148715,
          -0.4044655719318166
        ],
        "translation": [
          1.3825282518432653e-17,
          -0.10049667278639667,
          0.3146538364781848
        ]
      },
      "object_pose": {
        "translation": [
          -0.06212073139879472,
          -0.033618197609257,
          0.10507852113313032
        ],
        "quaternion_wxyz": [
          0.5611467728432595,
          -0.8027053352848975,
          -0.15912831695327648,
          -0.12432466680580011
        ]
      }
    },
    "ii_standoff": {
      "arm_joints_rad": [
        -0.47671214997020456,
        -1.140788766873966,
        1.7232730940976453,
        -1.7777624965952166,
        -2.656453175386381,
        -0.0879677810942072
      ],
      "hand_q": [
        -0.37383152015641596,
        0.7944268844528408,
        0.25601468887148715,
        -0.4044655719318166,
        1.3825282518432653e-17,
        -0.10049667278639667,
        0.1946538364781848,
        0.34615394473075867,
        -0.9949063658714294,
        1.3630954027175903,
        -0.03678126633167267,
        0.7900094985961914,
        0.21190859377384186,
        1.0139673948287964,
        1.649038314819336,
        1.5905234813690186,
        -1.0698812007904053,
        0.9238926768302917,
        -0.27809566259384155,
        0.9947954416275024,
        1.1718089580535889,
        -0.16555263102054596,
        0.8865375518798828
      ],
      "wrist_pose": {
        "quaternion_wxyz": [
          -0.37383152015641596,
          0.7944268844528408,
          0.25601468887148715,
          -0.4044655719318166
        ],
        "translation": [
          1.3825282518432653e-17,
          -0.10049667278639667,
          0.1946538364781848
        ]
      },
      "object_pose": {
        "translation": [
          -0.06212073139879472,
          -0.033618197609257,
          0.10507852113313032
        ],
        "quaternion_wxyz": [
          0.5611467728432595,
          -0.8027053352848975,
          -0.15912831695327648,
          -0.12432466680580011
        ]
      }
    },
    "iii_closure": {
      "arm_joints_rad": [
        -0.47671214997020456,
        -1.140788766873966,
        1.7232730940976453,
        -1.7777624965952166,
        -2.656453175386381,
        -0.0879677810942072
      ],
      "hand_q": [
        -0.37383152015641596,
        0.7944268844528408,
        0.25601468887148715,
        -0.4044655719318166,
        1.3825282518432653e-17,
        -0.10049667278639667,
        0.1946538364781848,
        0.23732801558185093,
        -0.9592557404544914,
        1.297982526101,
        -0.06373928848574993,
        0.8207753164881078,
        0.20799828829058215,
        1.0466632933184483,
        1.6794602272329597,
        1.610510301736148,
        -1.0470222346602889,
        0.9438340336520072,
        -0.2581438502473397,
        0.9656946485988397,
        1.2240496154693827,
        -0.212130012382761,
        0.856441331595607
      ],
      "wrist_pose": {
        "quaternion_wxyz": [
          -0.37383152015641596,
          0.7944268844528408,
          0.25601468887148715,
          -0.4044655719318166
        ],
        "translation": [
          1.3825282518432653e-17,
          -0.10049667278639667,
          0.1946538364781848
        ]
      },
      "object_pose": {
        "translation": [
          -0.06113600851392184,
          -0.036350407738546614,
          0.10478051516988779
        ],
        "quaternion_wxyz": [
          0.5786923768366393,
          -0.7941770775367767,
          -0.14478677880673888,
          -0.11590811528566146
        ]
      }
    },
    "iv_lift": {
      "arm_joints_rad": [
        -0.4993102045782101,
        -1.3219723581715792,
        1.5443980183996477,
        -1.6023960182839772,
        -2.6609264740174665,
        -0.20566425290079793
      ],
      "hand_q": [
        -0.37383152015641596,
        0.7944268844528408,
        0.25601468887148715,
        -0.4044655719318166,
        1.3825282518432653e-17,
        -0.10049667278639667,
        0.3146538364781848,
        0.23732801558185093,
        -0.9592557404544914,
        1.297982526101,
        -0.06373928848574993,
        0.8207753164881078,
        0.20799828829058215,
        1.0466632933184483,
        1.6794602272329597,
        1.610510301736148,
        -1.0470222346602889,
        0.9438340336520072,
        -0.2581438502473397,
        0.9656946485988397,
        1.2240496154693827,
        -0.212130012382761,
        0.856441331595607
      ],
      "wrist_pose": {
        "quaternion_wxyz": [
          -0.37383152015641596,
          0.7944268844528408,
          0.25601468887148715,
          -0.4044655719318166
        ],
        "translation": [
          1.3825282518432653e-17,
          -0.10049667278639667,
          0.3146538364781848
        ]
      },
      "object_pose": {
        "translation": [
          -0.06113600851392184,
          -0.036350407738546614,
          0.22478051516988778
        ],
        "quaternion_wxyz": [
          0.5786923768366393,
          -0.7941770775367767,
          -0.14478677880673888,
          -0.11590811528566146
        ]
      }
    }
  },
  "camera": {
    "azimuth_deg": 72.0,